country_name,inflation_rate
Venezuela,2041.728888888889
"Congo, Dem. Rep. of the",791.651111111111
Nicaragua,676.1533333333333
Bolivia,311.90444444444444
Armenia,291.196875
Peru,288.1933333333333
Brazil,263.78000000000003
Angola,249.82
Ukraine,232.1969696969697
Turkmenistan,223.990625
